<?xml version="1.0" encoding="utf-8"?>
<LinearLayout xmlns:android="http://schemas.android.com/apk/res/android"
    android:layout_width="match_parent"
    android:layout_height="match_parent"
    android:orientation="vertical"
    android:background="#F5F5F5">


    <RelativeLayout
        android:layout_width="match_parent"
        android:layout_height="56dp"
        android:background="#FFFFFF"
        android:elevation="2dp"
        android:paddingLeft="16dp"
        android:paddingRight="16dp">

        <TextView
            android:layout_width="wrap_content"
            android:layout_height="wrap_content"
            android:layout_centerVertical="true"
            android:text="2025-05-14 토"
            android:textColor="#333333"
            android:textSize="16sp"
            android:textStyle="bold" />

        <TextView
            android:layout_width="wrap_content"
            android:layout_height="wrap_content"
            android:layout_alignParentRight="true"
            android:layout_centerVertical="true"
            android:text="19일간 기록"
            android:textColor="#666666"
            android:textSize="14sp" />

    </RelativeLayout>


    <ScrollView
        android:layout_width="match_parent"
        android:layout_height="0dp"
        android:layout_weight="1">

        <LinearLayout
            android:layout_width="match_parent"
            android:layout_height="wrap_content"
            android:orientation="vertical"
            android:padding="16dp">


            <LinearLayout
                android:layout_width="match_parent"
                android:layout_height="85dp"
                android:layout_marginBottom="16dp"
                android:background="#FFFFFF"
                android:elevation="2dp"
                android:orientation="horizontal"
                android:padding="16dp">

                <LinearLayout
                    android:layout_width="0dp"
                    android:layout_height="wrap_content"
                    android:layout_weight="1"
                    android:orientation="vertical">

                    <TextView
                        android:layout_width="wrap_content"
                        android:layout_height="wrap_content"
                        android:text="플라이-가슴"
                        android:textColor="#333333"
                        android:textSize="16sp"
                        android:textStyle="bold" />


                </LinearLayout>

                <LinearLayout
                    android:layout_width="wrap_content"
                    android:layout_height="wrap_content"
                    android:gravity="center"
                    android:orientation="vertical">

                    <ImageView
                        android:layout_width="50dp"
                        android:layout_height="50dp"
                        android:src="@drawable/fly"
                         />


                </LinearLayout>

            </LinearLayout>


            <LinearLayout
                android:layout_width="match_parent"
                android:layout_height="85dp"
                android:layout_marginBottom="16dp"
                android:background="#FFFFFF"
                android:elevation="2dp"
                android:orientation="horizontal"
                android:padding="16dp">

                <LinearLayout
                    android:layout_width="0dp"
                    android:layout_height="wrap_content"
                    android:layout_weight="1"
                    android:orientation="vertical">

                    <TextView
                        android:layout_width="wrap_content"
                        android:layout_height="wrap_content"
                        android:text="푸시업-가슴"
                        android:textColor="#333333"
                        android:textSize="16sp"
                        android:textStyle="bold" />


                </LinearLayout>

                <LinearLayout
                    android:layout_width="wrap_content"
                    android:layout_height="wrap_content"
                    android:gravity="center"
                    android:orientation="vertical">

                    <ImageView
                        android:layout_width="50dp"
                        android:layout_height="50dp"
                        android:src="@drawable/pushup"
                         />


                </LinearLayout>

            </LinearLayout>


            <LinearLayout
                android:layout_width="match_parent"
                android:layout_height="85dp"
                android:layout_marginBottom="16dp"
                android:background="#FFFFFF"
                android:elevation="2dp"
                android:orientation="horizontal"
                android:padding="16dp">

                <LinearLayout
                    android:layout_width="0dp"
                    android:layout_height="wrap_content"
                    android:layout_weight="1"
                    android:orientation="vertical">

                    <TextView
                        android:layout_width="wrap_content"
                        android:layout_height="wrap_content"
                        android:text="벤치프레스-가슴"
                        android:textColor="#333333"
                        android:textSize="16sp"
                        android:textStyle="bold" />


                </LinearLayout>

                <LinearLayout
                    android:layout_width="wrap_content"
                    android:layout_height="wrap_content"
                    android:gravity="center"
                    android:orientation="vertical">

                    <ImageView
                        android:layout_width="50dp"
                        android:layout_height="50dp"
                        android:src="@drawable/benchpress"
                         />


                </LinearLayout>

            </LinearLayout>


            <LinearLayout
                android:layout_width="match_parent"
                android:layout_height="85dp"
                android:layout_marginBottom="16dp"
                android:background="#FFFFFF"
                android:elevation="2dp"
                android:orientation="horizontal"
                android:padding="16dp">

                <LinearLayout
                    android:layout_width="0dp"
                    android:layout_height="wrap_content"
                    android:layout_weight="1"
                    android:orientation="vertical">

                    <TextView
                        android:layout_width="wrap_content"
                        android:layout_height="wrap_content"
                        android:text="딥스-가슴"
                        android:textColor="#333333"
                        android:textSize="16sp"
                        android:textStyle="bold" />


                </LinearLayout>

                <LinearLayout
                    android:layout_width="wrap_content"
                    android:layout_height="wrap_content"
                    android:gravity="center"
                    android:orientation="vertical">

                    <ImageView
                        android:layout_width="50dp"
                        android:layout_height="50dp"
                        android:src="@drawable/dips"
                         />


                </LinearLayout>

            </LinearLayout>


            <LinearLayout
                android:layout_width="match_parent"
                android:layout_height="85dp"
                android:layout_marginBottom="16dp"
                android:background="#FFFFFF"
                android:elevation="2dp"
                android:orientation="horizontal"
                android:padding="16dp">

                <LinearLayout
                    android:layout_width="0dp"
                    android:layout_height="wrap_content"
                    android:layout_weight="1"
                    android:orientation="vertical">

                    <TextView
                        android:layout_width="wrap_content"
                        android:layout_height="wrap_content"
                        android:text="이두컬-팔"
                        android:textColor="#333333"
                        android:textSize="16sp"
                        android:textStyle="bold" />


                </LinearLayout>

                <LinearLayout
                    android:layout_width="wrap_content"
                    android:layout_height="wrap_content"
                    android:gravity="center"
                    android:orientation="vertical">

                    <ImageView
                        android:layout_width="50dp"
                        android:layout_height="50dp"
                        android:src="@drawable/iducul"
                         />

                </LinearLayout>

            </LinearLayout>

        </LinearLayout>

    </ScrollView>

    <LinearLayout
        android:layout_width="match_parent"
        android:layout_height="56dp"
        android:background="#FFFFFF"
        android:elevation="8dp"
        android:orientation="horizontal">

        <LinearLayout
            android:layout_width="0dp"
            android:layout_height="match_parent"
            android:layout_weight="1"
            android:gravity="center"
            android:orientation="vertical"
            android:padding="4dp">


            <TextView
                android:layout_width="wrap_content"
                android:layout_height="wrap_content"
                android:layout_marginTop="2dp"
                android:text="1회차"
                android:textColor="#FF5722"
                android:textSize="20sp" />

        </LinearLayout>

        <LinearLayout
            android:layout_width="0dp"
            android:layout_height="match_parent"
            android:layout_weight="1"
            android:gravity="center"
            android:orientation="vertical"
            android:padding="4dp">

            <TextView
                android:layout_width="wrap_content"
                android:layout_height="wrap_content"
                android:layout_marginTop="2dp"
                android:text="2회차"
                android:textColor="#FF5722"
                android:textSize="20sp" />

        </LinearLayout>

        <LinearLayout
            android:layout_width="0dp"
            android:layout_height="match_parent"
            android:layout_weight="1"
            android:gravity="center"
            android:orientation="vertical"
            android:padding="4dp">

            <ImageView
                android:layout_width="24dp"
                android:layout_height="24dp"
                android:src="@drawable/ic_statistics"
                android:tint="#CCCCCC" />

        </LinearLayout>


        <LinearLayout
            android:layout_width="0dp"
            android:layout_height="match_parent"
            android:layout_weight="1"
            android:gravity="center"
            android:orientation="vertical"
            android:padding="4dp">

            <ImageView
                android:layout_width="24dp"
                android:layout_height="24dp"
                android:src="@drawable/ic_edit"
                android:tint="#CCCCCC" />

        </LinearLayout>


        <RelativeLayout
            android:layout_width="0dp"
            android:layout_height="match_parent"
            android:layout_weight="1"
            android:gravity="center">

            <com.google.android.material.floatingactionbutton.FloatingActionButton
                android:layout_width="40dp"
                android:layout_height="40dp"
                android:layout_centerInParent="true"
                android:backgroundTint="#4CAF50"
                android:tint="#FFFFFF"
                android:elevation="6dp" />

        </RelativeLayout>

    </LinearLayout>

</LinearLayout>